{
    "cross_validation_results": {
        "k_folds": 10,
        "mean_rmse": 5.221604785974013,
        "std_rmse": 0.22777415205641963,
        "individual_fold_rmse": [
            5.528318977887657,
            5.373173417099446,
            5.09084025149898,
            5.179143826846179,
            4.6823407084274224,
            5.184096956420347,
            5.22664101351216,
            5.2133985862530645,
            5.522471251754579,
            5.215622870040295
        ]
    }
}